Absolute Time,Relative Time,Action
1:23:09,N/A,Experimenter Ready
1:23:12,N/A,Participant Ready
1:23:26,00:00:00,Procedure started.
1:23:28,00:00:02,P1: Please use a paper towel and spray bottle to clean the counter.
1:23:53,00:00:27,P1Q: Unanswerable
1:24:03,00:00:37,P2: Wash your hands with soap and water.
1:24:23,00:00:57,P3: Place the bag of supplies on the clean counter.
1:24:32,00:01:06,P4: Remove the gauze covering your fake wound.
1:24:54,00:01:27,P5: Gently wash the fake wound with soap and water.
1:25:12,00:01:46,P5Q2: What do I wash my wound with?
1:25:21,00:01:54,P5Q: Unanswerable
1:25:24,00:01:58,P5Q: Unanswerable
1:25:26,00:02:00,P6: Great. Note that at home you will wash the wound in the shower. Let's continue.
1:25:36,00:02:10,P7: Remove a new gauze pad and the Telfa non-stick dressing from the supply bag.
1:25:57,00:02:31,P8: Pat the wound dry with the new gauze pad.
1:26:06,00:02:40,P8Q: Unanswerable
1:26:08,00:02:42,P8Q: Unanswerable
1:26:11,00:02:44,P9: Cut the Telfa non-stick dressing.
1:26:25,00:02:59,P10: Open the Vaseline.
1:26:33,00:03:07,"P11: Using two Q tips, spread a thick layer of Vaseline onto the wound."
1:26:43,00:03:17,P11Q2: How thick of a layer/How much Vaseline?
1:26:49,00:03:23,P12: Cover the wound with the non-stick dressing and secure the dressing with tape.
1:27:00,00:03:34,Reminder clicked.
1:27:12,00:03:46,P13: Please throw away the supply bag and any trash.
1:27:19,00:03:53,P14: All of the steps are complete. Thank you for your participation.
1:27:27,00:04:01,Procedure ended.
